{
  "generations": [
    1,
    2,
    3,
    4,
    5,
    6,
    7,
    8,
    9,
    10
  ],
  "best_fitness": [
    0.6934261656465619,
    0.6940209600576671,
    0.6940209600576671,
    0.6940209600576671,
    0.6940209600576671,
    0.6940209600576671,
    0.6940209600576671,
    0.6940209600576671,
    0.6940209600576671,
    0.6940209600576671
  ],
  "avg_fitness": [
    0.6837155631441679,
    0.6868868490151397,
    0.6806322222498467,
    0.6862977947292529,
    0.6857600943493461,
    0.6862357015022201,
    0.685399271528895,
    0.6798299716129693,
    0.6814210392012015,
    0.6779251202463816
  ]
}