{
  "generations": [
    1,
    2,
    3,
    4,
    5,
    6,
    7,
    8,
    9,
    10
  ],
  "best_fitness": [
    0.7007566016784305,
    0.7039763775228034,
    0.7039763775228034,
    0.7039763775228034,
    0.7039763775228034,
    0.7039763775228034,
    0.7039763775228034,
    0.7039763775228034,
    0.7039763775228034,
    0.7039763775228034
  ],
  "avg_fitness": [
    0.6919465782891977,
    0.696590636369244,
    0.6968684348938904,
    0.6945099428632855,
    0.6963838870619461,
    0.6964150628097099,
    0.6955733069415974,
    0.6970760367694275,
    0.6979024649635466,
    0.6959527433866537
  ]
}