{
  "generations": [
    1,
    2,
    3,
    4,
    5,
    6,
    7,
    8,
    9,
    10,
    11,
    12,
    13,
    14,
    15,
    16,
    17,
    18,
    19,
    20,
    21,
    22,
    23,
    24,
    25,
    26,
    27,
    28,
    29,
    30
  ],
  "best_fitness": [
    0.7024911590245564,
    0.7024911590245564,
    0.7024911590245564,
    0.7027408665439192,
    0.7032900948666542,
    0.7032900948666542,
    0.7032900948666542,
    0.7065518475073962,
    0.7065518475073962,
    0.7065518475073962,
    0.7065518475073962,
    0.7065518475073962,
    0.7065518475073962,
    0.7065518475073962,
    0.7065518475073962,
    0.7065518475073962,
    0.7065518475073962,
    0.7065518475073962,
    0.7072869872647196,
    0.7072869872647196,
    0.7072869872647196,
    0.7072869872647196,
    0.7072869872647196,
    0.7072869872647196,
    0.7072869872647196,
    0.7072869872647196,
    0.7072869872647196,
    0.7072869872647196,
    0.7072869872647196,
    0.7072869872647196
  ],
  "avg_fitness": [
    0.6946818132031115,
    0.6967582499904112,
    0.6955217243285836,
    0.6953682980379164,
    0.6963348748552214,
    0.6944938568198937,
    0.697502048452399,
    0.6930925309492258,
    0.6956292006017137,
    0.6948779917986037,
    0.6965774984412544,
    0.6953167126851327,
    0.6956062053134405,
    0.6959763860626893,
    0.6948587470679648,
    0.6965551961433617,
    0.6963189949693738,
    0.6950832483011564,
    0.6952047381952445,
    0.69476997916601,
    0.6948010878350924,
    0.6947905646252711,
    0.6959133833173569,
    0.6954887148011687,
    0.6964443417638855,
    0.6951854173361542,
    0.6953821369722326,
    0.6985364710251758,
    0.6958308446496104,
    0.6953859346207679
  ]
}