{
  "generations": [
    1,
    2,
    3,
    4,
    5,
    6,
    7,
    8,
    9,
    10
  ],
  "best_fitness": [
    0.6937078509529669,
    0.6995044934729477,
    0.6995044934729477,
    0.6995044934729477,
    0.6995044934729477,
    0.6995044934729477,
    0.6995044934729477,
    0.6995044934729477,
    0.6995044934729477,
    0.6995044934729477
  ],
  "avg_fitness": [
    0.682426605326114,
    0.685860438176318,
    0.6877514424061507,
    0.6873010217655009,
    0.6864904850529823,
    0.6910407703026291,
    0.6863846598954516,
    0.6749730496261787,
    0.6847535383259783,
    0.6879748752152056
  ]
}