{
  "rotations": [
    3,
    1,
    3,
    2,
    1,
    1,
    3,
    3,
    2,
    2
  ],
  "rcon_multipliers": [
    2,
    3,
    1,
    2,
    1,
    1,
    2,
    3,
    2,
    1
  ],
  "fitness": 0.7078134082428299,
  "metrics": {
    "avalanche_mean": 25.625,
    "avalanche_std": 2.0787710461953237,
    "encryption_time": 0.024652481079101562,
    "entropy": 6.9905149793361705,
    "avalanche_score": 0.5125,
    "entropy_score": 0.8738143724170213,
    "speed_score": 0.802230321725745
  }
}