{
  "generations": [
    1,
    2,
    3,
    4,
    5,
    6,
    7,
    8,
    9,
    10
  ],
  "best_fitness": [
    0.7003758577333888,
    0.7078134082428299,
    0.7078134082428299,
    0.7078134082428299,
    0.7078134082428299,
    0.7078134082428299,
    0.7078134082428299,
    0.7078134082428299,
    0.7078134082428299,
    0.7078134082428299
  ],
  "avg_fitness": [
    0.6931137050857126,
    0.6959854358135943,
    0.6951125976960879,
    0.6965091367686695,
    0.6997014126146709,
    0.6980402481269157,
    0.6951220667590736,
    0.6981512386919927,
    0.6972066302116292,
    0.7002392496273483
  ]
}