{
  "generations": [
    1,
    2,
    3,
    4,
    5,
    6,
    7,
    8,
    9,
    10,
    11,
    12,
    13,
    14,
    15,
    16,
    17,
    18,
    19,
    20,
    21,
    22,
    23,
    24,
    25,
    26,
    27,
    28,
    29,
    30,
    31,
    32,
    33,
    34,
    35,
    36,
    37,
    38,
    39,
    40,
    41,
    42,
    43,
    44,
    45,
    46,
    47,
    48,
    49,
    50,
    51,
    52,
    53,
    54,
    55,
    56,
    57,
    58,
    59,
    60,
    61,
    62,
    63,
    64,
    65,
    66,
    67,
    68,
    69,
    70
  ],
  "best_fitness": [
    0.7038916152781,
    0.7038916152781,
    0.7050910937619141,
    0.7050910937619141,
    0.7050910937619141,
    0.7050910937619141,
    0.7052789153071173,
    0.7052789153071173,
    0.7052789153071173,
    0.7052789153071173,
    0.7052789153071173,
    0.7052789153071173,
    0.7052789153071173,
    0.7052789153071173,
    0.7052789153071173,
    0.7052789153071173,
    0.7052789153071173,
    0.7052789153071173,
    0.7052789153071173,
    0.7052789153071173,
    0.7052789153071173,
    0.7052789153071173,
    0.7052789153071173,
    0.7052789153071173,
    0.7052789153071173,
    0.7052789153071173,
    0.7052789153071173,
    0.7052789153071173,
    0.7052789153071173,
    0.7052789153071173,
    0.7052789153071173,
    0.7052789153071173,
    0.7052789153071173,
    0.7072714207105425,
    0.7072714207105425,
    0.7072714207105425,
    0.7072714207105425,
    0.7072714207105425,
    0.7072714207105425,
    0.7072714207105425,
    0.7072714207105425,
    0.7072714207105425,
    0.7072714207105425,
    0.7072714207105425,
    0.7072714207105425,
    0.7072714207105425,
    0.7072714207105425,
    0.7072714207105425,
    0.7072714207105425,
    0.7072714207105425,
    0.7072714207105425,
    0.7072714207105425,
    0.7079190255693693,
    0.7079190255693693,
    0.7079190255693693,
    0.7079190255693693,
    0.7079190255693693,
    0.7079190255693693,
    0.7079190255693693,
    0.7079190255693693,
    0.7079190255693693,
    0.7079190255693693,
    0.7079190255693693,
    0.7079190255693693,
    0.7079190255693693,
    0.7079190255693693,
    0.7079190255693693,
    0.708194815330377,
    0.7085007941103643,
    0.7085007941103643
  ],
  "avg_fitness": [
    0.6948627787215825,
    0.6953966727333947,
    0.6954160151300327,
    0.6940680096898733,
    0.695404761352445,
    0.6959923710827036,
    0.696629076272099,
    0.6959673969438116,
    0.6957571117845248,
    0.6963537442633372,
    0.6949167265302748,
    0.6980220410770276,
    0.6955238432099096,
    0.6968832625146717,
    0.6959207103772371,
    0.6957830040662809,
    0.6956431517912718,
    0.6961146307208536,
    0.6958875238245663,
    0.696911167295369,
    0.6967770595059718,
    0.6947527050223046,
    0.6969903788386663,
    0.6966161540413227,
    0.6959940981699605,
    0.6960448035060186,
    0.695813966545417,
    0.6957165020761524,
    0.6964659526415913,
    0.6956285881285479,
    0.6959529555635755,
    0.6962827014232309,
    0.6961855612746907,
    0.6956007828364867,
    0.6948716484333597,
    0.6967755581958801,
    0.6965644111139964,
    0.6971223595682728,
    0.6965587982575968,
    0.6962035739563976,
    0.6955251124130813,
    0.6950618645624469,
    0.6975933021365907,
    0.6963316796840437,
    0.6965599086117887,
    0.6964901761064245,
    0.6964415511338897,
    0.696814485695245,
    0.6969078440708392,
    0.6971769494272089,
    0.6974087497408863,
    0.6963887689298894,
    0.6983136345230818,
    0.6972182954414045,
    0.6976956078100172,
    0.6971264970318793,
    0.6969134892546828,
    0.6976650525832568,
    0.6967371680784025,
    0.6953203729803252,
    0.6975159304555928,
    0.6971522820482013,
    0.6985563693513613,
    0.6976107563889204,
    0.6982121343588835,
    0.6976292111522104,
    0.6991708345601488,
    0.7003487318382501,
    0.6964325815305672,
    0.6985886705140351
  ]
}