{
  "rotations": [
    2,
    3,
    3,
    2,
    2,
    3,
    3,
    2,
    3,
    2
  ],
  "rcon_multipliers": [
    3,
    2,
    2,
    1,
    3,
    1,
    2,
    2,
    3,
    2
  ],
  "fitness": 0.7079186460014334,
  "metrics": {
    "avalanche_mean": 25.7890625,
    "avalanche_std": 1.960128069994726,
    "encryption_time": 0.024890899658203125,
    "entropy": 6.970573076191034,
    "avalanche_score": 0.5157812500000001,
    "entropy_score": 0.8713216345238792,
    "speed_score": 0.8006988521475653
  }
}