{
  "generations": [
    1,
    2,
    3,
    4,
    5,
    6,
    7,
    8,
    9,
    10,
    11,
    12,
    13,
    14,
    15,
    16,
    17,
    18,
    19,
    20,
    21,
    22,
    23,
    24,
    25,
    26,
    27,
    28,
    29,
    30
  ],
  "best_fitness": [
    0.7032214950456743,
    0.7032214950456743,
    0.7054564140480024,
    0.7054564140480024,
    0.7054564140480024,
    0.7056418201070263,
    0.7056418201070263,
    0.7073659614530489,
    0.7073659614530489,
    0.7073659614530489,
    0.7079186460014334,
    0.7079186460014334,
    0.7079186460014334,
    0.7079186460014334,
    0.7079186460014334,
    0.7079186460014334,
    0.7079186460014334,
    0.7079186460014334,
    0.7079186460014334,
    0.7079186460014334,
    0.7079186460014334,
    0.7079186460014334,
    0.7079186460014334,
    0.7079186460014334,
    0.7079186460014334,
    0.7079186460014334,
    0.7079186460014334,
    0.7079186460014334,
    0.7079186460014334,
    0.7079186460014334
  ],
  "avg_fitness": [
    0.6968187746317305,
    0.6965037894287677,
    0.695592522602536,
    0.6956316529706151,
    0.6974007884352408,
    0.6949743053913308,
    0.6960004144289637,
    0.6975988458177356,
    0.6965913719311041,
    0.6957876394155985,
    0.6968214336458649,
    0.6971468939866358,
    0.6961416902866359,
    0.6942848329886234,
    0.6960166485496702,
    0.6963256189606852,
    0.6961251470132122,
    0.6961147450235948,
    0.6953847244753831,
    0.6956936899846086,
    0.6983090023459961,
    0.6961487441717706,
    0.6970201682223012,
    0.6968326694037984,
    0.6977145977169706,
    0.697579640903233,
    0.6994858681346079,
    0.6980487413155934,
    0.6971838899897689,
    0.697523857946431
  ]
}